"continent","country","state","total_arrivals"
"Africa","Algeria","Johor",738
"Africa","Algeria","Kedah",114
"Africa","Algeria","Kelantan",5
"Africa","Algeria","Melaka",1
"Africa","Algeria","Perak",3
"Africa","Algeria","Perlis",24
"Africa","Algeria","Pulau Pinang",58
"Africa","Algeria","Sabah",33
"Africa","Algeria","Sarawak",72
"Africa","Algeria","Selangor",16715
"Africa","Algeria","W.P. Labuan",1
"Africa","Angola","Johor",7
"Africa","Angola","Kedah",3
"Africa","Angola","Sabah",1
"Africa","Angola","Selangor",124
"Africa","Benin","Johor",19
"Africa","Benin","Kedah",6
"Africa","Benin","Perak",3
"Africa","Benin","Pulau Pinang",2
"Africa","Benin","Sabah",5
"Africa","Benin","Sarawak",3
"Africa","Benin","Selangor",203
"Africa","Botswana","Johor",39
"Africa","Botswana","Kedah",11
"Africa","Botswana","Perlis",1
"Africa","Botswana","Pulau Pinang",4
"Africa","Botswana","Sabah",1
"Africa","Botswana","Sarawak",5
"Africa","Botswana","Selangor",357
"Africa","Burkina Faso","Johor",2
"Africa","Burkina Faso","Perak",1
"Africa","Burkina Faso","Pulau Pinang",5
"Africa","Burkina Faso","Selangor",141
"Africa","Burundi","Pulau Pinang",2
"Africa","Burundi","Sarawak",1
"Africa","Burundi","Selangor",126
"Africa","Cameroon","Johor",41
"Africa","Cameroon","Kedah",8
"Africa","Cameroon","Pulau Pinang",15
"Africa","Cameroon","Sabah",5
"Africa","Cameroon","Sarawak",6
"Africa","Cameroon","Selangor",584
"Africa","Cape Verde","Johor",7
"Africa","Cape Verde","Kedah",2
"Africa","Cape Verde","Pulau Pinang",1
"Africa","Cape Verde","Sabah",1
"Africa","Cape Verde","Selangor",55
"Africa","Central African Republic","Kedah",1
"Africa","Central African Republic","Selangor",11
"Africa","Chad","Johor",54
"Africa","Chad","Kedah",3
"Africa","Chad","Perlis",3
"Africa","Chad","Selangor",507
"Africa","Comoros","Johor",20
"Africa","Comoros","Kedah",4
"Africa","Comoros","Selangor",404
"Africa","Cote dIvoire","Johor",23
"Africa","Cote dIvoire","Kedah",3
"Africa","Cote dIvoire","Pulau Pinang",4
"Africa","Cote dIvoire","Sabah",1
"Africa","Cote dIvoire","Sarawak",1
"Africa","Cote dIvoire","Selangor",527
"Africa","DR Congo","Johor",23
"Africa","DR Congo","Pulau Pinang",1
"Africa","DR Congo","Sarawak",2
"Africa","DR Congo","Selangor",261
"Africa","Democratic Republic of the Congo","Selangor",7
"Africa","Djibouti","Johor",4
"Africa","Djibouti","Selangor",350
"Africa","Egypt","Johor",4473
"Africa","Egypt","Kedah",167
"Africa","Egypt","Kelantan",32
"Africa","Egypt","Melaka",7
"Africa","Egypt","Pahang",2
"Africa","Egypt","Perak",8
"Africa","Egypt","Perlis",23
"Africa","Egypt","Pulau Pinang",202
"Africa","Egypt","Sabah",99
"Africa","Egypt","Sarawak",2139
"Africa","Egypt","Selangor",41074
"Africa","Egypt","Terengganu",2
"Africa","Egypt","W.P. Labuan",13
"Africa","Equatorial Guinea","Johor",2
"Africa","Equatorial Guinea","Selangor",46
"Africa","Eritrea","Johor",9
"Africa","Eritrea","Pulau Pinang",2
"Africa","Eritrea","Sabah",2
"Africa","Eritrea","Selangor",397
"Africa","Ethiopia ","Johor",51
"Africa","Ethiopia ","Kedah",1
"Africa","Ethiopia ","Pulau Pinang",6
"Africa","Ethiopia ","Sabah",1
"Africa","Ethiopia ","Sarawak",8
"Africa","Ethiopia ","Selangor",863
"Africa","Gabon","Johor",33
"Africa","Gabon","Pulau Pinang",1
"Africa","Gabon","Sarawak",1
"Africa","Gabon","Selangor",191
"Africa","Gambia","Johor",65
"Africa","Gambia","Kedah",1
"Africa","Gambia","Kelantan",2
"Africa","Gambia","Pulau Pinang",5
"Africa","Gambia","Sabah",4
"Africa","Gambia","Sarawak",3
"Africa","Gambia","Selangor",593
"Africa","Ghana","Johor",179
"Africa","Ghana","Kedah",13
"Africa","Ghana","Kelantan",2
"Africa","Ghana","Perlis",2
"Africa","Ghana","Pulau Pinang",21
"Africa","Ghana","Sabah",7
"Africa","Ghana","Sarawak",13
"Africa","Ghana","Selangor",1634
"Africa","Guinea","Johor",114
"Africa","Guinea","Kedah",9
"Africa","Guinea","Kelantan",7
"Africa","Guinea","Perlis",9
"Africa","Guinea","Pulau Pinang",2
"Africa","Guinea","Sabah",3
"Africa","Guinea","Sarawak",4
"Africa","Guinea","Selangor",1222
"Africa","Guinea-Bissau","Johor",9
"Africa","Guinea-Bissau","Selangor",11
"Africa","Kenya","Johor",1488
"Africa","Kenya","Kedah",83
"Africa","Kenya","Kelantan",2
"Africa","Kenya","Perak",2
"Africa","Kenya","Perlis",12
"Africa","Kenya","Pulau Pinang",75
"Africa","Kenya","Sabah",27
"Africa","Kenya","Sarawak",39
"Africa","Kenya","Selangor",8408
"Africa","Lesotho","Johor",8
"Africa","Lesotho","Kedah",1
"Africa","Lesotho","Pulau Pinang",1
"Africa","Lesotho","Sarawak",1
"Africa","Lesotho","Selangor",119
"Africa","Liberia","Johor",34
"Africa","Liberia","Kedah",2
"Africa","Liberia","Sabah",1
"Africa","Liberia","Sarawak",2
"Africa","Liberia","Selangor",200
"Africa","Libya","Johor",90
"Africa","Libya","Kedah",13
"Africa","Libya","Perlis",2
"Africa","Libya","Pulau Pinang",33
"Africa","Libya","Sabah",12
"Africa","Libya","Sarawak",55
"Africa","Libya","Selangor",9312
"Africa","Madagascar","Johor",205
"Africa","Madagascar","Kedah",20
"Africa","Madagascar","Perak",2
"Africa","Madagascar","Perlis",1
"Africa","Madagascar","Pulau Pinang",15
"Africa","Madagascar","Sabah",5
"Africa","Madagascar","Sarawak",1
"Africa","Madagascar","Selangor",1262
"Africa","Malawi","Johor",29
"Africa","Malawi","Pulau Pinang",4
"Africa","Malawi","Sabah",2
"Africa","Malawi","Sarawak",6
"Africa","Malawi","Selangor",488
"Africa","Mali","Johor",46
"Africa","Mali","Sabah",1
"Africa","Mali","Selangor",214
"Africa","Mauritania","Johor",44
"Africa","Mauritania","Kedah",3
"Africa","Mauritania","Pulau Pinang",1
"Africa","Mauritania","Sabah",1
"Africa","Mauritania","Sarawak",6
"Africa","Mauritania","Selangor",535
"Africa","Mauritius","Johor",3532
"Africa","Mauritius","Kedah",108
"Africa","Mauritius","Kelantan",2
"Africa","Mauritius","Pahang",2
"Africa","Mauritius","Perak",23
"Africa","Mauritius","Perlis",28
"Africa","Mauritius","Pulau Pinang",165
"Africa","Mauritius","Sabah",26
"Africa","Mauritius","Sarawak",20
"Africa","Mauritius","Selangor",27691
"Africa","Mayotte","Selangor",2
"Africa","Morocco","Johor",1684
"Africa","Morocco","Kedah",181
"Africa","Morocco","Kelantan",22
"Africa","Morocco","Melaka",2
"Africa","Morocco","Pahang",4
"Africa","Morocco","Perak",4
"Africa","Morocco","Perlis",45
"Africa","Morocco","Pulau Pinang",206
"Africa","Morocco","Sabah",54
"Africa","Morocco","Sarawak",118
"Africa","Morocco","Selangor",18843
"Africa","Morocco","W.P. Labuan",5
"Africa","Mozambique","Johor",16
"Africa","Mozambique","Kedah",14
"Africa","Mozambique","Perak",1
"Africa","Mozambique","Pulau Pinang",6
"Africa","Mozambique","Sabah",1
"Africa","Mozambique","Sarawak",3
"Africa","Mozambique","Selangor",669
"Africa","Namibia","Johor",52
"Africa","Namibia","Kedah",5
"Africa","Namibia","Perak",7
"Africa","Namibia","Perlis",3
"Africa","Namibia","Pulau Pinang",7
"Africa","Namibia","Sabah",2
"Africa","Namibia","Sarawak",3
"Africa","Namibia","Selangor",445
"Africa","Niger","Johor",3
"Africa","Niger","Sabah",1
"Africa","Niger","Selangor",69
"Africa","Nigeria","Johor",643
"Africa","Nigeria","Kedah",26
"Africa","Nigeria","Perlis",3
"Africa","Nigeria","Pulau Pinang",73
"Africa","Nigeria","Sabah",7
"Africa","Nigeria","Sarawak",173
"Africa","Nigeria","Selangor",11736
"Africa","Republic of the Congo","Johor",1
"Africa","Republic of the Congo","Kedah",1
"Africa","Republic of the Congo","Selangor",77
"Africa","Reunion","Johor",1
"Africa","Reunion","Sarawak",1
"Africa","Rwanda","Johor",19
"Africa","Rwanda","Kedah",2
"Africa","Rwanda","Pulau Pinang",5
"Africa","Rwanda","Selangor",213
"Africa","Saint Helena","Sarawak",1
"Africa","Sao Tome and Principe","Selangor",43
"Africa","Senegal","Johor",120
"Africa","Senegal","Kedah",10
"Africa","Senegal","Kelantan",1
"Africa","Senegal","Perak",1
"Africa","Senegal","Perlis",1
"Africa","Senegal","Pulau Pinang",8
"Africa","Senegal","Sabah",2
"Africa","Senegal","Sarawak",3
"Africa","Senegal","Selangor",1203
"Africa","Seychelles","Johor",131
"Africa","Seychelles","Kedah",5
"Africa","Seychelles","Pulau Pinang",12
"Africa","Seychelles","Sabah",2
"Africa","Seychelles","Sarawak",20
"Africa","Seychelles","Selangor",1793
"Africa","Sierra Leone","Johor",46
"Africa","Sierra Leone","Kedah",1
"Africa","Sierra Leone","Perak",1
"Africa","Sierra Leone","Perlis",1
"Africa","Sierra Leone","Pulau Pinang",9
"Africa","Sierra Leone","Sabah",1
"Africa","Sierra Leone","Selangor",515
"Africa","Somalia","Johor",12
"Africa","Somalia","Kedah",5
"Africa","Somalia","Kelantan",1
"Africa","Somalia","Perlis",2
"Africa","Somalia","Sabah",2
"Africa","Somalia","Sarawak",1
"Africa","Somalia","Selangor",5852
"Africa","South Africa","Johor",6061
"Africa","South Africa","Kedah",1021
"Africa","South Africa","Kelantan",66
"Africa","South Africa","Melaka",9
"Africa","South Africa","Pahang",19
"Africa","South Africa","Perak",45
"Africa","South Africa","Perlis",265
"Africa","South Africa","Pulau Pinang",1093
"Africa","South Africa","Sabah",357
"Africa","South Africa","Sarawak",1878
"Africa","South Africa","Selangor",24353
"Africa","South Africa","Terengganu",3
"Africa","South Africa","W.P. Labuan",101
"Africa","South Sudan","Johor",16
"Africa","South Sudan","Kedah",1
"Africa","South Sudan","Sarawak",11
"Africa","South Sudan","Selangor",716
"Africa","South Sudan","W.P. Labuan",1
"Africa","Sudan","Johor",204
"Africa","Sudan","Kedah",16
"Africa","Sudan","Kelantan",4
"Africa","Sudan","Perlis",6
"Africa","Sudan","Pulau Pinang",20
"Africa","Sudan","Sabah",6
"Africa","Sudan","Sarawak",84
"Africa","Sudan","Selangor",23539
"Africa","Sudan","W.P. Labuan",6
"Africa","Swaziland","Johor",25
"Africa","Swaziland","Kedah",1
"Africa","Swaziland","Pulau Pinang",1
"Africa","Swaziland","Sabah",1
"Africa","Swaziland","Selangor",377
"Africa","Tanzania","Johor",444
"Africa","Tanzania","Kedah",16
"Africa","Tanzania","Perak",3
"Africa","Tanzania","Perlis",2
"Africa","Tanzania","Pulau Pinang",7
"Africa","Tanzania","Sabah",9
"Africa","Tanzania","Sarawak",46
"Africa","Tanzania","Selangor",4106
"Africa","Tanzania","W.P. Labuan",1
"Africa","Togo","Johor",38
"Africa","Togo","Perak",3
"Africa","Togo","Pulau Pinang",2
"Africa","Togo","Selangor",162
"Africa","Tunisia","Johor",264
"Africa","Tunisia","Kedah",93
"Africa","Tunisia","Kelantan",10
"Africa","Tunisia","Melaka",4
"Africa","Tunisia","Perak",2
"Africa","Tunisia","Perlis",10
"Africa","Tunisia","Pulau Pinang",87
"Africa","Tunisia","Sabah",23
"Africa","Tunisia","Sarawak",20
"Africa","Tunisia","Selangor",13832
"Africa","Tunisia","W.P. Labuan",2
"Africa","Uganda","Johor",353
"Africa","Uganda","Kedah",25
"Africa","Uganda","Perak",2
"Africa","Uganda","Perlis",12
"Africa","Uganda","Pulau Pinang",25
"Africa","Uganda","Sabah",8
"Africa","Uganda","Sarawak",6
"Africa","Uganda","Selangor",2294
"Africa","Zambia","Johor",87
"Africa","Zambia","Kedah",9
"Africa","Zambia","Perak",2
"Africa","Zambia","Perlis",1
"Africa","Zambia","Pulau Pinang",16
"Africa","Zambia","Sabah",3
"Africa","Zambia","Sarawak",14
"Africa","Zambia","Selangor",1614
"Africa","Zimbabwe","Johor",276
"Africa","Zimbabwe","Kedah",19
"Africa","Zimbabwe","Kelantan",4
"Africa","Zimbabwe","Perak",1
"Africa","Zimbabwe","Perlis",9
"Africa","Zimbabwe","Pulau Pinang",43
"Africa","Zimbabwe","Sabah",13
"Africa","Zimbabwe","Sarawak",15
"Africa","Zimbabwe","Selangor",3254
"Antarctica","Antarctica","Selangor",5
"Antarctica","Bouvet Island","Selangor",1
"Antarctica","Heard Island and McDonald Islands","Johor",1
"Antarctica","South Georgia and the South Sandwich Islands","Johor",1
"Antarctica","South Georgia and the South Sandwich Islands","Sabah",1
"Antarctica","South Georgia and the South Sandwich Islands","Selangor",5
"Asia","Afghanistan","Johor",24
"Asia","Afghanistan","Kedah",8
"Asia","Afghanistan","Perlis",4
"Asia","Afghanistan","Pulau Pinang",2
"Asia","Afghanistan","Sarawak",8
"Asia","Afghanistan","Selangor",2371
"Asia","Armenia","Johor",132
"Asia","Armenia","Kedah",38
"Asia","Armenia","Kelantan",2
"Asia","Armenia","Perak",2
"Asia","Armenia","Perlis",1
"Asia","Armenia","Pulau Pinang",33
"Asia","Armenia","Sabah",8
"Asia","Armenia","Sarawak",2
"Asia","Armenia","Selangor",1331
"Asia","Azerbaijan","Johor",111
"Asia","Azerbaijan","Kedah",63
"Asia","Azerbaijan","Kelantan",2
"Asia","Azerbaijan","Melaka",2
"Asia","Azerbaijan","Perlis",1
"Asia","Azerbaijan","Pulau Pinang",12
"Asia","Azerbaijan","Sabah",8
"Asia","Azerbaijan","Sarawak",31
"Asia","Azerbaijan","Selangor",2476
"Asia","Azerbaijan","W.P. Labuan",16
"Asia","Bahrain","Johor",351
"Asia","Bahrain","Kedah",39
"Asia","Bahrain","Kelantan",5
"Asia","Bahrain","Perlis",14
"Asia","Bahrain","Pulau Pinang",45
"Asia","Bahrain","Sabah",3
"Asia","Bahrain","Sarawak",19
"Asia","Bahrain","Selangor",4275
"Asia","Bangladesh","Johor",61377
"Asia","Bangladesh","Kedah",1414
"Asia","Bangladesh","Kelantan",30
"Asia","Bangladesh","Melaka",18
"Asia","Bangladesh","Negeri Sembilan",1
"Asia","Bangladesh","Pahang",8
"Asia","Bangladesh","Perak",58
"Asia","Bangladesh","Perlis",79
"Asia","Bangladesh","Pulau Pinang",7469
"Asia","Bangladesh","Sabah",84
"Asia","Bangladesh","Sarawak",1162
"Asia","Bangladesh","Selangor",868562
"Asia","Bangladesh","W.P. Labuan",158
"Asia","Bhutan","Johor",152
"Asia","Bhutan","Kedah",11
"Asia","Bhutan","Perak",1
"Asia","Bhutan","Perlis",5
"Asia","Bhutan","Pulau Pinang",51
"Asia","Bhutan","Sabah",3
"Asia","Bhutan","Sarawak",3
"Asia","Bhutan","Selangor",932
"Asia","British Indian Ocean Territory","Pulau Pinang",3
"Asia","British Indian Ocean Territory","Selangor",4
"Asia","Brunei","Johor",10175
"Asia","Brunei","Kedah",516
"Asia","Brunei","Kelantan",168
"Asia","Brunei","Melaka",20
"Asia","Brunei","Pahang",1
"Asia","Brunei","Perak",69
"Asia","Brunei","Perlis",497
"Asia","Brunei","Pulau Pinang",314
"Asia","Brunei","Sabah",17284
"Asia","Brunei","Sarawak",1543470
"Asia","Brunei","Selangor",105371
"Asia","Brunei","W.P. Labuan",25581
"Asia","Cambodia","Johor",44431
"Asia","Cambodia","Kedah",5210
"Asia","Cambodia","Kelantan",13330
"Asia","Cambodia","Melaka",20
"Asia","Cambodia","Negeri Sembilan",2
"Asia","Cambodia","Pahang",1
"Asia","Cambodia","Perak",258
"Asia","Cambodia","Perlis",15485
"Asia","Cambodia","Pulau Pinang",784
"Asia","Cambodia","Sabah",38
"Asia","Cambodia","Sarawak",198
"Asia","Cambodia","Selangor",87328
"Asia","Cambodia","W.P. Labuan",3
"Asia","China","Johor",750855
"Asia","China","Kedah",21959
"Asia","China","Kelantan",191
"Asia","China","Melaka",44
"Asia","China","Negeri Sembilan",5
"Asia","China","Pahang",484
"Asia","China","Perak",4548
"Asia","China","Perlis",2035
"Asia","China","Pulau Pinang",113103
"Asia","China","Sabah",82597
"Asia","China","Sarawak",17060
"Asia","China","Selangor",1372726
"Asia","China","Terengganu",1
"Asia","China","W.P. Labuan",790
"Asia","Cocos (Keeling) Islands","Selangor",2
"Asia","Cyprus","Johor",239
"Asia","Cyprus","Kedah",47
"Asia","Cyprus","Perak",2
"Asia","Cyprus","Perlis",3
"Asia","Cyprus","Pulau Pinang",47
"Asia","Cyprus","Sabah",18
"Asia","Cyprus","Sarawak",21
"Asia","Cyprus","Selangor",1411
"Asia","Georgia","Johor",167
"Asia","Georgia","Kedah",51
"Asia","Georgia","Melaka",1
"Asia","Georgia","Perak",1
"Asia","Georgia","Perlis",15
"Asia","Georgia","Pulau Pinang",27
"Asia","Georgia","Sabah",5
"Asia","Georgia","Sarawak",2
"Asia","Georgia","Selangor",1160
"Asia","Hong Kong","Johor",100
"Asia","Hong Kong","Kedah",60
"Asia","Hong Kong","Kelantan",1
"Asia","Hong Kong","Pahang",38
"Asia","Hong Kong","Perak",808
"Asia","Hong Kong","Perlis",48
"Asia","Hong Kong","Pulau Pinang",399
"Asia","Hong Kong","Sabah",6957
"Asia","Hong Kong","Sarawak",433
"Asia","Hong Kong","Selangor",3153
"Asia","Hong Kong","Terengganu",1
"Asia","India","Johor",439022
"Asia","India","Kedah",20882
"Asia","India","Kelantan",125
"Asia","India","Melaka",88
"Asia","India","Negeri Sembilan",8
"Asia","India","Pahang",182
"Asia","India","Perak",8085
"Asia","India","Perlis",1078
"Asia","India","Pulau Pinang",21392
"Asia","India","Sabah",3925
"Asia","India","Sarawak",22696
"Asia","India","Selangor",1100311
"Asia","India","Terengganu",4
"Asia","India","W.P. Labuan",1192
"Asia","Indonesia","Johor",2178023
"Asia","Indonesia","Kedah",89195
"Asia","Indonesia","Kelantan",3135
"Asia","Indonesia","Melaka",115023
"Asia","Indonesia","Negeri Sembilan",143850
"Asia","Indonesia","Pahang",395
"Asia","Indonesia","Perak",4243
"Asia","Indonesia","Perlis",10285
"Asia","Indonesia","Pulau Pinang",676902
"Asia","Indonesia","Sabah",101631
"Asia","Indonesia","Sarawak",764901
"Asia","Indonesia","Selangor",2200225
"Asia","Indonesia","Terengganu",25
"Asia","Indonesia","W.P. Labuan",1305
"Asia","Iran","Johor",4535
"Asia","Iran","Kedah",211
"Asia","Iran","Kelantan",3
"Asia","Iran","Perak",3
"Asia","Iran","Perlis",83
"Asia","Iran","Pulau Pinang",145
"Asia","Iran","Sabah",51
"Asia","Iran","Sarawak",107
"Asia","Iran","Selangor",39203
"Asia","Iran","W.P. Labuan",1
"Asia","Iraq","Johor",688
"Asia","Iraq","Kedah",42
"Asia","Iraq","Kelantan",1
"Asia","Iraq","Melaka",4
"Asia","Iraq","Pahang",1
"Asia","Iraq","Perak",1
"Asia","Iraq","Perlis",3
"Asia","Iraq","Pulau Pinang",60
"Asia","Iraq","Sabah",7
"Asia","Iraq","Sarawak",25
"Asia","Iraq","Selangor",24775
"Asia","Israel","Pulau Pinang",9
"Asia","Japan","Johor",127043
"Asia","Japan","Kedah",6211
"Asia","Japan","Kelantan",193
"Asia","Japan","Melaka",31
"Asia","Japan","Negeri Sembilan",3
"Asia","Japan","Pahang",166
"Asia","Japan","Perak",1117
"Asia","Japan","Perlis",1432
"Asia","Japan","Pulau Pinang",26446
"Asia","Japan","Sabah",7290
"Asia","Japan","Sarawak",4007
"Asia","Japan","Selangor",382471
"Asia","Japan","W.P. Labuan",249
"Asia","Jordan","Johor",421
"Asia","Jordan","Kedah",175
"Asia","Jordan","Kelantan",4
"Asia","Jordan","Melaka",1
"Asia","Jordan","Pahang",1
"Asia","Jordan","Perak",1
"Asia","Jordan","Perlis",19
"Asia","Jordan","Pulau Pinang",198
"Asia","Jordan","Sabah",30
"Asia","Jordan","Sarawak",26
"Asia","Jordan","Selangor",18133
"Asia","Jordan","W.P. Labuan",1
"Asia","Kazakhstan","Johor",1050
"Asia","Kazakhstan","Kedah",828
"Asia","Kazakhstan","Kelantan",43
"Asia","Kazakhstan","Melaka",1
"Asia","Kazakhstan","Perak",3
"Asia","Kazakhstan","Perlis",105
"Asia","Kazakhstan","Pulau Pinang",155
"Asia","Kazakhstan","Sabah",66
"Asia","Kazakhstan","Sarawak",93
"Asia","Kazakhstan","Selangor",19649
"Asia","Kazakhstan","W.P. Labuan",5
"Asia","Kuwait","Johor",1188
"Asia","Kuwait","Kedah",226
"Asia","Kuwait","Kelantan",7
"Asia","Kuwait","Perak",2
"Asia","Kuwait","Perlis",8
"Asia","Kuwait","Pulau Pinang",180
"Asia","Kuwait","Sabah",4
"Asia","Kuwait","Sarawak",24
"Asia","Kuwait","Selangor",17401
"Asia","Kuwait","W.P. Labuan",1
"Asia","Kyrgyz Republic","Johor",499
"Asia","Kyrgyz Republic","Kedah",92
"Asia","Kyrgyz Republic","Kelantan",5
"Asia","Kyrgyz Republic","Perak",1
"Asia","Kyrgyz Republic","Perlis",9
"Asia","Kyrgyz Republic","Pulau Pinang",47
"Asia","Kyrgyz Republic","Sabah",12
"Asia","Kyrgyz Republic","Sarawak",3
"Asia","Kyrgyz Republic","Selangor",5194
"Asia","Lao","Johor",3291
"Asia","Lao","Kedah",17421
"Asia","Lao","Kelantan",4511
"Asia","Lao","Melaka",1
"Asia","Lao","Perak",453
"Asia","Lao","Perlis",7058
"Asia","Lao","Pulau Pinang",404
"Asia","Lao","Sabah",44
"Asia","Lao","Sarawak",190
"Asia","Lao","Selangor",7351
"Asia","Lao","W.P. Labuan",1
"Asia","Lebanon","Johor",353
"Asia","Lebanon","Kedah",60
"Asia","Lebanon","Kelantan",1
"Asia","Lebanon","Pahang",1
"Asia","Lebanon","Perak",2
"Asia","Lebanon","Perlis",1
"Asia","Lebanon","Pulau Pinang",69
"Asia","Lebanon","Sabah",16
"Asia","Lebanon","Sarawak",38
"Asia","Lebanon","Selangor",5420
"Asia","Lebanon","W.P. Labuan",1
"Asia","Macao","Johor",7
"Asia","Macao","Pahang",2
"Asia","Macao","Perak",27
"Asia","Macao","Selangor",62
"Asia","Macao","W.P. Labuan",1
"Asia","Maldives","Johor",3605
"Asia","Maldives","Kedah",153
"Asia","Maldives","Kelantan",5
"Asia","Maldives","Perak",12
"Asia","Maldives","Perlis",17
"Asia","Maldives","Pulau Pinang",121
"Asia","Maldives","Sabah",30
"Asia","Maldives","Sarawak",39
"Asia","Maldives","Selangor",55545
"Asia","Mongolia","Johor",3473
"Asia","Mongolia","Kedah",191
"Asia","Mongolia","Kelantan",10
"Asia","Mongolia","Perak",8
"Asia","Mongolia","Perlis",95
"Asia","Mongolia","Pulau Pinang",209
"Asia","Mongolia","Sabah",127
"Asia","Mongolia","Sarawak",14
"Asia","Mongolia","Selangor",7173
"Asia","Myanmar","Johor",100167
"Asia","Myanmar","Kedah",1196
"Asia","Myanmar","Kelantan",46
"Asia","Myanmar","Negeri Sembilan",2
"Asia","Myanmar","Pahang",48
"Asia","Myanmar","Perak",463
"Asia","Myanmar","Perlis",118
"Asia","Myanmar","Pulau Pinang",5430
"Asia","Myanmar","Sabah",317
"Asia","Myanmar","Sarawak",1480
"Asia","Myanmar","Selangor",160802
"Asia","Myanmar","Terengganu",1
"Asia","Myanmar","W.P. Labuan",19
"Asia","Nepal","Johor",15164
"Asia","Nepal","Kedah",223
"Asia","Nepal","Pahang",2
"Asia","Nepal","Perak",4
"Asia","Nepal","Perlis",15
"Asia","Nepal","Pulau Pinang",635
"Asia","Nepal","Sabah",163
"Asia","Nepal","Sarawak",4349
"Asia","Nepal","Selangor",358512
"Asia","Nepal","W.P. Labuan",1167
"Asia","North Korea","Selangor",9
"Asia","Oman","Johor",1375
"Asia","Oman","Kedah",117
"Asia","Oman","Kelantan",8
"Asia","Oman","Melaka",1
"Asia","Oman","Perak",14
"Asia","Oman","Perlis",28
"Asia","Oman","Pulau Pinang",221
"Asia","Oman","Sabah",17
"Asia","Oman","Sarawak",246
"Asia","Oman","Selangor",28257
"Asia","Oman","W.P. Labuan",1
"Asia","Pakistan","Johor",18299
"Asia","Pakistan","Kedah",2201
"Asia","Pakistan","Kelantan",251
"Asia","Pakistan","Melaka",6
"Asia","Pakistan","Negeri Sembilan",5
"Asia","Pakistan","Pahang",9
"Asia","Pakistan","Perak",533
"Asia","Pakistan","Perlis",475
"Asia","Pakistan","Pulau Pinang",1572
"Asia","Pakistan","Sabah",308
"Asia","Pakistan","Sarawak",3081
"Asia","Pakistan","Selangor",260994
"Asia","Pakistan","W.P. Labuan",92
"Asia","Palestine","Johor",322
"Asia","Palestine","Kedah",31
"Asia","Palestine","Kelantan",7
"Asia","Palestine","Melaka",3
"Asia","Palestine","Perak",5
"Asia","Palestine","Perlis",3
"Asia","Palestine","Pulau Pinang",27
"Asia","Palestine","Sabah",9
"Asia","Palestine","Sarawak",45
"Asia","Palestine","Selangor",7817
"Asia","Philippines","Johor",415851
"Asia","Philippines","Kedah",11067
"Asia","Philippines","Kelantan",571
"Asia","Philippines","Melaka",14
"Asia","Philippines","Negeri Sembilan",8
"Asia","Philippines","Pahang",363
"Asia","Philippines","Perak",1355
"Asia","Philippines","Perlis",3182
"Asia","Philippines","Pulau Pinang",11762
"Asia","Philippines","Sabah",26515
"Asia","Philippines","Sarawak",43709
"Asia","Philippines","Selangor",333103
"Asia","Philippines","Terengganu",6
"Asia","Philippines","W.P. Labuan",2288
"Asia","Qatar","Johor",402
"Asia","Qatar","Kedah",33
"Asia","Qatar","Perlis",4
"Asia","Qatar","Pulau Pinang",44
"Asia","Qatar","Sabah",1
"Asia","Qatar","Sarawak",20
"Asia","Qatar","Selangor",3877
"Asia","Saudi Arabia","Johor",4099
"Asia","Saudi Arabia","Kedah",824
"Asia","Saudi Arabia","Kelantan",136
"Asia","Saudi Arabia","Melaka",2
"Asia","Saudi Arabia","Perak",40
"Asia","Saudi Arabia","Perlis",122
"Asia","Saudi Arabia","Pulau Pinang",828
"Asia","Saudi Arabia","Sabah",57
"Asia","Saudi Arabia","Sarawak",253
"Asia","Saudi Arabia","Selangor",115092
"Asia","Saudi Arabia","W.P. Labuan",3
"Asia","Singapore","Johor",24383136
"Asia","Singapore","Kedah",93384
"Asia","Singapore","Kelantan",1975
"Asia","Singapore","Melaka",420
"Asia","Singapore","Negeri Sembilan",96
"Asia","Singapore","Pahang",8225
"Asia","Singapore","Perak",120463
"Asia","Singapore","Perlis",5333
"Asia","Singapore","Pulau Pinang",365199
"Asia","Singapore","Sabah",55080
"Asia","Singapore","Sarawak",86016
"Asia","Singapore","Selangor",950631
"Asia","Singapore","Terengganu",15
"Asia","Singapore","W.P. Labuan",283
"Asia","South Korea","Johor",234362
"Asia","South Korea","Kedah",4848
"Asia","South Korea","Kelantan",50
"Asia","South Korea","Melaka",55
"Asia","South Korea","Negeri Sembilan",12
"Asia","South Korea","Pahang",74
"Asia","South Korea","Perak",437
"Asia","South Korea","Perlis",1548
"Asia","South Korea","Pulau Pinang",10509
"Asia","South Korea","Sabah",228548
"Asia","South Korea","Sarawak",5086
"Asia","South Korea","Selangor",292622
"Asia","South Korea","Terengganu",1
"Asia","South Korea","W.P. Labuan",159
"Asia","Sri Lanka","Johor",23236
"Asia","Sri Lanka","Kedah",753
"Asia","Sri Lanka","Kelantan",10
"Asia","Sri Lanka","Melaka",3
"Asia","Sri Lanka","Pahang",3
"Asia","Sri Lanka","Perak",85
"Asia","Sri Lanka","Perlis",30
"Asia","Sri Lanka","Pulau Pinang",734
"Asia","Sri Lanka","Sabah",158
"Asia","Sri Lanka","Sarawak",501
"Asia","Sri Lanka","Selangor",81992
"Asia","Sri Lanka","W.P. Labuan",17
"Asia","Syrian Arab Republic","Johor",286
"Asia","Syrian Arab Republic","Kedah",33
"Asia","Syrian Arab Republic","Kelantan",3
"Asia","Syrian Arab Republic","Melaka",1
"Asia","Syrian Arab Republic","Pahang",23
"Asia","Syrian Arab Republic","Perlis",8
"Asia","Syrian Arab Republic","Pulau Pinang",46
"Asia","Syrian Arab Republic","Sabah",10
"Asia","Syrian Arab Republic","Sarawak",78
"Asia","Syrian Arab Republic","Selangor",15770
"Asia","Syrian Arab Republic","W.P. Labuan",4
"Asia","Taiwan","Johor",109529
"Asia","Taiwan","Kedah",2687
"Asia","Taiwan","Kelantan",33
"Asia","Taiwan","Melaka",72
"Asia","Taiwan","Negeri Sembilan",3
"Asia","Taiwan","Pahang",391
"Asia","Taiwan","Perak",973
"Asia","Taiwan","Perlis",354
"Asia","Taiwan","Pulau Pinang",59341
"Asia","Taiwan","Sabah",18964
"Asia","Taiwan","Sarawak",5725
"Asia","Taiwan","Selangor",242822
"Asia","Taiwan","W.P. Labuan",144
"Asia","Tajikistan","Johor",59
"Asia","Tajikistan","Kedah",17
"Asia","Tajikistan","Kelantan",1
"Asia","Tajikistan","Perlis",5
"Asia","Tajikistan","Pulau Pinang",14
"Asia","Tajikistan","Sabah",13
"Asia","Tajikistan","Selangor",2419
"Asia","Thailand","Johor",131997
"Asia","Thailand","Kedah",1666842
"Asia","Thailand","Kelantan",804125
"Asia","Thailand","Melaka",185
"Asia","Thailand","Negeri Sembilan",23
"Asia","Thailand","Pahang",290
"Asia","Thailand","Perak",208307
"Asia","Thailand","Perlis",1305326
"Asia","Thailand","Pulau Pinang",42714
"Asia","Thailand","Sabah",1999
"Asia","Thailand","Sarawak",7283
"Asia","Thailand","Selangor",263294
"Asia","Thailand","Terengganu",25
"Asia","Thailand","W.P. Labuan",147
"Asia","Timor-Leste","Johor",196
"Asia","Timor-Leste","Kedah",17
"Asia","Timor-Leste","Perlis",1
"Asia","Timor-Leste","Pulau Pinang",115
"Asia","Timor-Leste","Sabah",14
"Asia","Timor-Leste","Sarawak",48
"Asia","Timor-Leste","Selangor",4819
"Asia","Turkey","Johor",5717
"Asia","Turkey","Kedah",880
"Asia","Turkey","Kelantan",58
"Asia","Turkey","Melaka",8
"Asia","Turkey","Negeri Sembilan",7
"Asia","Turkey","Pahang",11
"Asia","Turkey","Perak",29
"Asia","Turkey","Perlis",343
"Asia","Turkey","Pulau Pinang",633
"Asia","Turkey","Sabah",139
"Asia","Turkey","Sarawak",420
"Asia","Turkey","Selangor",26969
"Asia","Turkey","W.P. Labuan",5
"Asia","Turkmenistan","Johor",41
"Asia","Turkmenistan","Kedah",15
"Asia","Turkmenistan","Kelantan",1
"Asia","Turkmenistan","Perlis",2
"Asia","Turkmenistan","Pulau Pinang",7
"Asia","Turkmenistan","Sabah",9
"Asia","Turkmenistan","Sarawak",15
"Asia","Turkmenistan","Selangor",2177
"Asia","United Arab Emirates","Johor",639
"Asia","United Arab Emirates","Kedah",176
"Asia","United Arab Emirates","Kelantan",3
"Asia","United Arab Emirates","Perak",1
"Asia","United Arab Emirates","Perlis",12
"Asia","United Arab Emirates","Pulau Pinang",57
"Asia","United Arab Emirates","Sabah",3
"Asia","United Arab Emirates","Sarawak",49
"Asia","United Arab Emirates","Selangor",12013
"Asia","Uzbekistan","Johor",1721
"Asia","Uzbekistan","Kedah",492
"Asia","Uzbekistan","Kelantan",13
"Asia","Uzbekistan","Perak",5
"Asia","Uzbekistan","Perlis",46
"Asia","Uzbekistan","Pulau Pinang",245
"Asia","Uzbekistan","Sabah",261
"Asia","Uzbekistan","Sarawak",23
"Asia","Uzbekistan","Selangor",23914
"Asia","Vietnam","Johor",301838
"Asia","Vietnam","Kedah",6979
"Asia","Vietnam","Kelantan",301
"Asia","Vietnam","Melaka",11
"Asia","Vietnam","Negeri Sembilan",3
"Asia","Vietnam","Pahang",31
"Asia","Vietnam","Perak",2580
"Asia","Vietnam","Perlis",4000
"Asia","Vietnam","Pulau Pinang",28912
"Asia","Vietnam","Sabah",508
"Asia","Vietnam","Sarawak",4601
"Asia","Vietnam","Selangor",325773
"Asia","Vietnam","Terengganu",52
"Asia","Vietnam","W.P. Labuan",62
"Asia","Yemen","Johor",778
"Asia","Yemen","Kedah",82
"Asia","Yemen","Kelantan",17
"Asia","Yemen","Melaka",46
"Asia","Yemen","Pahang",3
"Asia","Yemen","Perak",8
"Asia","Yemen","Perlis",34
"Asia","Yemen","Pulau Pinang",87
"Asia","Yemen","Sabah",13
"Asia","Yemen","Sarawak",57
"Asia","Yemen","Selangor",34602
"Asia","Yemen","W.P. Labuan",1
"Europe","Albania","Johor",374
"Europe","Albania","Kedah",27
"Europe","Albania","Perak",2
"Europe","Albania","Perlis",4
"Europe","Albania","Pulau Pinang",22
"Europe","Albania","Sabah",5
"Europe","Albania","Sarawak",5
"Europe","Albania","Selangor",750
"Europe","Andorra","Johor",11
"Europe","Andorra","Kedah",4
"Europe","Andorra","Perlis",2
"Europe","Andorra","Pulau Pinang",10
"Europe","Andorra","Selangor",112
"Europe","Austria","Johor",3746
"Europe","Austria","Kedah",1548
"Europe","Austria","Kelantan",73
"Europe","Austria","Melaka",9
"Europe","Austria","Negeri Sembilan",3
"Europe","Austria","Pahang",3
"Europe","Austria","Perak",71
"Europe","Austria","Perlis",298
"Europe","Austria","Pulau Pinang",1612
"Europe","Austria","Sabah",264
"Europe","Austria","Sarawak",343
"Europe","Austria","Selangor",17404
"Europe","Austria","Terengganu",2
"Europe","Austria","W.P. Labuan",11
"Europe","Belarus","Johor",309
"Europe","Belarus","Kedah",295
"Europe","Belarus","Kelantan",33
"Europe","Belarus","Pahang",1
"Europe","Belarus","Perak",5
"Europe","Belarus","Perlis",28
"Europe","Belarus","Pulau Pinang",139
"Europe","Belarus","Sabah",43
"Europe","Belarus","Sarawak",60
"Europe","Belarus","Selangor",6833
"Europe","Belarus","W.P. Labuan",1
"Europe","Belgium","Johor",5490
"Europe","Belgium","Kedah",1609
"Europe","Belgium","Kelantan",56
"Europe","Belgium","Melaka",7
"Europe","Belgium","Negeri Sembilan",4
"Europe","Belgium","Pahang",26
"Europe","Belgium","Perak",77
"Europe","Belgium","Perlis",314
"Europe","Belgium","Pulau Pinang",1292
"Europe","Belgium","Sabah",397
"Europe","Belgium","Sarawak",482
"Europe","Belgium","Selangor",25132
"Europe","Belgium","W.P. Labuan",21
"Europe","Bosnia and Herzegovina","Johor",176
"Europe","Bosnia and Herzegovina","Kedah",30
"Europe","Bosnia and Herzegovina","Perlis",5
"Europe","Bosnia and Herzegovina","Pulau Pinang",30
"Europe","Bosnia and Herzegovina","Sabah",7
"Europe","Bosnia and Herzegovina","Sarawak",24
"Europe","Bosnia and Herzegovina","Selangor",1234
"Europe","Bulgaria","Johor",958
"Europe","Bulgaria","Kedah",334
"Europe","Bulgaria","Kelantan",5
"Europe","Bulgaria","Pahang",6
"Europe","Bulgaria","Perak",11
"Europe","Bulgaria","Perlis",22
"Europe","Bulgaria","Pulau Pinang",169
"Europe","Bulgaria","Sabah",47
"Europe","Bulgaria","Sarawak",37
"Europe","Bulgaria","Selangor",5141
"Europe","Bulgaria","W.P. Labuan",3
"Europe","Croatia","Johor",875
"Europe","Croatia","Kedah",124
"Europe","Croatia","Kelantan",7
"Europe","Croatia","Melaka",1
"Europe","Croatia","Pahang",15
"Europe","Croatia","Perak",4
"Europe","Croatia","Perlis",5
"Europe","Croatia","Pulau Pinang",104
"Europe","Croatia","Sabah",43
"Europe","Croatia","Sarawak",57
"Europe","Croatia","Selangor",4180
"Europe","Czech Republic","Johor",2523
"Europe","Czech Republic","Kedah",2534
"Europe","Czech Republic","Kelantan",46
"Europe","Czech Republic","Melaka",2
"Europe","Czech Republic","Negeri Sembilan",1
"Europe","Czech Republic","Perak",15
"Europe","Czech Republic","Perlis",178
"Europe","Czech Republic","Pulau Pinang",588
"Europe","Czech Republic","Sabah",300
"Europe","Czech Republic","Sarawak",305
"Europe","Czech Republic","Selangor",11950
"Europe","Czech Republic","W.P. Labuan",50
"Europe","Denmark","Johor",6157
"Europe","Denmark","Kedah",2844
"Europe","Denmark","Kelantan",24
"Europe","Denmark","Melaka",11
"Europe","Denmark","Negeri Sembilan",7
"Europe","Denmark","Pahang",36
"Europe","Denmark","Perak",80
"Europe","Denmark","Perlis",274
"Europe","Denmark","Pulau Pinang",1509
"Europe","Denmark","Sabah",748
"Europe","Denmark","Sarawak",447
"Europe","Denmark","Selangor",23356
"Europe","Denmark","W.P. Labuan",19
"Europe","Estonia","Johor",705
"Europe","Estonia","Kedah",747
"Europe","Estonia","Kelantan",8
"Europe","Estonia","Pahang",1
"Europe","Estonia","Perak",6
"Europe","Estonia","Perlis",44
"Europe","Estonia","Pulau Pinang",164
"Europe","Estonia","Sabah",76
"Europe","Estonia","Sarawak",92
"Europe","Estonia","Selangor",3931
"Europe","Estonia","W.P. Labuan",11
"Europe","Finland","Johor",3887
"Europe","Finland","Kedah",2283
"Europe","Finland","Kelantan",23
"Europe","Finland","Melaka",5
"Europe","Finland","Negeri Sembilan",3
"Europe","Finland","Pahang",4
"Europe","Finland","Perak",64
"Europe","Finland","Perlis",158
"Europe","Finland","Pulau Pinang",1060
"Europe","Finland","Sabah",292
"Europe","Finland","Sarawak",242
"Europe","Finland","Selangor",12832
"Europe","Finland","W.P. Labuan",20
"Europe","France","Johor",44125
"Europe","France","Kedah",11798
"Europe","France","Kelantan",491
"Europe","France","Melaka",69
"Europe","France","Negeri Sembilan",41
"Europe","France","Pahang",293
"Europe","France","Perak",610
"Europe","France","Perlis",1781
"Europe","France","Pulau Pinang",8343
"Europe","France","Sabah",2377
"Europe","France","Sarawak",2460
"Europe","France","Selangor",175328
"Europe","France","Terengganu",6
"Europe","France","W.P. Labuan",78
"Europe","Germany","Johor",46317
"Europe","Germany","Kedah",16099
"Europe","Germany","Kelantan",332
"Europe","Germany","Melaka",74
"Europe","Germany","Negeri Sembilan",13
"Europe","Germany","Pahang",131
"Europe","Germany","Perak",642
"Europe","Germany","Perlis",2718
"Europe","Germany","Pulau Pinang",13873
"Europe","Germany","Sabah",2648
"Europe","Germany","Sarawak",4448
"Europe","Germany","Selangor",158158
"Europe","Germany","Terengganu",2
"Europe","Germany","W.P. Labuan",187
"Europe","Gibraltar","Johor",1
"Europe","Gibraltar","Sarawak",1
"Europe","Greece","Johor",1124
"Europe","Greece","Kedah",302
"Europe","Greece","Kelantan",9
"Europe","Greece","Melaka",4
"Europe","Greece","Negeri Sembilan",4
"Europe","Greece","Pahang",10
"Europe","Greece","Perak",9
"Europe","Greece","Perlis",50
"Europe","Greece","Pulau Pinang",174
"Europe","Greece","Sabah",65
"Europe","Greece","Sarawak",125
"Europe","Greece","Selangor",5127
"Europe","Holy See","Johor",6
"Europe","Holy See","Pulau Pinang",1
"Europe","Holy See","Sarawak",2
"Europe","Holy See","Selangor",17
"Europe","Hungary","Johor",1924
"Europe","Hungary","Kedah",1219
"Europe","Hungary","Kelantan",12
"Europe","Hungary","Pahang",4
"Europe","Hungary","Perak",20
"Europe","Hungary","Perlis",70
"Europe","Hungary","Pulau Pinang",560
"Europe","Hungary","Sabah",195
"Europe","Hungary","Sarawak",173
"Europe","Hungary","Selangor",11026
"Europe","Hungary","W.P. Labuan",2
"Europe","Iceland","Johor",168
"Europe","Iceland","Kedah",41
"Europe","Iceland","Kelantan",1
"Europe","Iceland","Perak",21
"Europe","Iceland","Perlis",11
"Europe","Iceland","Pulau Pinang",39
"Europe","Iceland","Sabah",54
"Europe","Iceland","Sarawak",27
"Europe","Iceland","Selangor",760
"Europe","Iceland","W.P. Labuan",5
"Europe","Ireland","Johor",5884
"Europe","Ireland","Kedah",1666
"Europe","Ireland","Kelantan",21
"Europe","Ireland","Negeri Sembilan",1
"Europe","Ireland","Pahang",15
"Europe","Ireland","Perak",164
"Europe","Ireland","Perlis",325
"Europe","Ireland","Pulau Pinang",2098
"Europe","Ireland","Sabah",416
"Europe","Ireland","Sarawak",735
"Europe","Ireland","Selangor",27006
"Europe","Ireland","Terengganu",2
"Europe","Ireland","W.P. Labuan",19
"Europe","Italy","Johor",13857
"Europe","Italy","Kedah",5441
"Europe","Italy","Kelantan",110
"Europe","Italy","Melaka",11
"Europe","Italy","Negeri Sembilan",6
"Europe","Italy","Pahang",25
"Europe","Italy","Perak",145
"Europe","Italy","Perlis",551
"Europe","Italy","Pulau Pinang",2550
"Europe","Italy","Sabah",775
"Europe","Italy","Sarawak",1528
"Europe","Italy","Selangor",68622
"Europe","Italy","W.P. Labuan",41
"Europe","Latvia","Johor",680
"Europe","Latvia","Kedah",253
"Europe","Latvia","Kelantan",4
"Europe","Latvia","Pahang",2
"Europe","Latvia","Perak",6
"Europe","Latvia","Perlis",42
"Europe","Latvia","Pulau Pinang",69
"Europe","Latvia","Sabah",108
"Europe","Latvia","Sarawak",182
"Europe","Latvia","Selangor",3299
"Europe","Latvia","W.P. Labuan",27
"Europe","Liechtenstein","Johor",31
"Europe","Liechtenstein","Kedah",12
"Europe","Liechtenstein","Perlis",2
"Europe","Liechtenstein","Pulau Pinang",18
"Europe","Liechtenstein","Sabah",2
"Europe","Liechtenstein","Sarawak",2
"Europe","Liechtenstein","Selangor",111
"Europe","Lithuania","Johor",1234
"Europe","Lithuania","Kedah",624
"Europe","Lithuania","Kelantan",11
"Europe","Lithuania","Pahang",2
"Europe","Lithuania","Perak",31
"Europe","Lithuania","Perlis",99
"Europe","Lithuania","Pulau Pinang",171
"Europe","Lithuania","Sabah",94
"Europe","Lithuania","Sarawak",176
"Europe","Lithuania","Selangor",6189
"Europe","Lithuania","W.P. Labuan",47
"Europe","Luxembourg","Johor",184
"Europe","Luxembourg","Kedah",83
"Europe","Luxembourg","Kelantan",2
"Europe","Luxembourg","Perak",2
"Europe","Luxembourg","Perlis",12
"Europe","Luxembourg","Pulau Pinang",60
"Europe","Luxembourg","Sabah",15
"Europe","Luxembourg","Sarawak",7
"Europe","Luxembourg","Selangor",987
"Europe","Macedonia","Johor",119
"Europe","Macedonia","Kedah",41
"Europe","Macedonia","Perak",2
"Europe","Macedonia","Pulau Pinang",16
"Europe","Macedonia","Sabah",4
"Europe","Macedonia","Sarawak",21
"Europe","Macedonia","Selangor",721
"Europe","Malta","Johor",177
"Europe","Malta","Kedah",65
"Europe","Malta","Kelantan",1
"Europe","Malta","Perak",4
"Europe","Malta","Perlis",8
"Europe","Malta","Pulau Pinang",122
"Europe","Malta","Sabah",17
"Europe","Malta","Sarawak",12
"Europe","Malta","Selangor",991
"Europe","Malta","W.P. Labuan",2
"Europe","Moldova","Johor",77
"Europe","Moldova","Kedah",39
"Europe","Moldova","Kelantan",5
"Europe","Moldova","Negeri Sembilan",2
"Europe","Moldova","Perlis",3
"Europe","Moldova","Pulau Pinang",20
"Europe","Moldova","Sabah",12
"Europe","Moldova","Sarawak",8
"Europe","Moldova","Selangor",612
"Europe","Monaco","Johor",11
"Europe","Monaco","Kedah",4
"Europe","Monaco","Sabah",1
"Europe","Monaco","Selangor",54
"Europe","Montenegro","Johor",57
"Europe","Montenegro","Kedah",1
"Europe","Montenegro","Pulau Pinang",1
"Europe","Montenegro","Sabah",4
"Europe","Montenegro","Sarawak",3
"Europe","Montenegro","Selangor",362
"Europe","Netherlands","Johor",22381
"Europe","Netherlands","Kedah",6262
"Europe","Netherlands","Kelantan",98
"Europe","Netherlands","Melaka",38
"Europe","Netherlands","Negeri Sembilan",16
"Europe","Netherlands","Pahang",41
"Europe","Netherlands","Perak",293
"Europe","Netherlands","Perlis",845
"Europe","Netherlands","Pulau Pinang",5077
"Europe","Netherlands","Sabah",1530
"Europe","Netherlands","Sarawak",3154
"Europe","Netherlands","Selangor",95080
"Europe","Netherlands","Terengganu",2
"Europe","Netherlands","W.P. Labuan",76
"Europe","Norway","Johor",3647
"Europe","Norway","Kedah",1446
"Europe","Norway","Kelantan",35
"Europe","Norway","Melaka",1
"Europe","Norway","Pahang",5
"Europe","Norway","Perak",26
"Europe","Norway","Perlis",199
"Europe","Norway","Pulau Pinang",724
"Europe","Norway","Sabah",220
"Europe","Norway","Sarawak",406
"Europe","Norway","Selangor",15581
"Europe","Norway","W.P. Labuan",19
"Europe","Poland","Johor",8970
"Europe","Poland","Kedah",2976
"Europe","Poland","Kelantan",44
"Europe","Poland","Melaka",2
"Europe","Poland","Negeri Sembilan",1
"Europe","Poland","Pahang",21
"Europe","Poland","Perak",62
"Europe","Poland","Perlis",459
"Europe","Poland","Pulau Pinang",1355
"Europe","Poland","Sabah",745
"Europe","Poland","Sarawak",959
"Europe","Poland","Selangor",26864
"Europe","Poland","Terengganu",1
"Europe","Poland","W.P. Labuan",45
"Europe","Portugal","Johor",3301
"Europe","Portugal","Kedah",1009
"Europe","Portugal","Kelantan",12
"Europe","Portugal","Melaka",1
"Europe","Portugal","Pahang",2
"Europe","Portugal","Perak",39
"Europe","Portugal","Perlis",113
"Europe","Portugal","Pulau Pinang",777
"Europe","Portugal","Sabah",279
"Europe","Portugal","Sarawak",187
"Europe","Portugal","Selangor",14581
"Europe","Portugal","W.P. Labuan",10
"Europe","Romania","Johor",2853
"Europe","Romania","Kedah",1011
"Europe","Romania","Kelantan",16
"Europe","Romania","Negeri Sembilan",2
"Europe","Romania","Pahang",7
"Europe","Romania","Perak",25
"Europe","Romania","Perlis",57
"Europe","Romania","Pulau Pinang",412
"Europe","Romania","Sabah",142
"Europe","Romania","Sarawak",173
"Europe","Romania","Selangor",13867
"Europe","Romania","W.P. Labuan",8
"Europe","Russia","Johor",8872
"Europe","Russia","Kedah",11207
"Europe","Russia","Kelantan",1122
"Europe","Russia","Melaka",20
"Europe","Russia","Negeri Sembilan",4
"Europe","Russia","Pahang",45
"Europe","Russia","Perak",87
"Europe","Russia","Perlis",6038
"Europe","Russia","Pulau Pinang",3976
"Europe","Russia","Sabah",984
"Europe","Russia","Sarawak",1184
"Europe","Russia","Selangor",174915
"Europe","Russia","W.P. Labuan",136
"Europe","San Marino","Johor",4
"Europe","San Marino","Kedah",2
"Europe","San Marino","Selangor",48
"Europe","Serbia","Johor",196
"Europe","Serbia","Kedah",62
"Europe","Serbia","Kelantan",2
"Europe","Serbia","Pahang",1
"Europe","Serbia","Perak",2
"Europe","Serbia","Perlis",3
"Europe","Serbia","Pulau Pinang",70
"Europe","Serbia","Sabah",17
"Europe","Serbia","Sarawak",9
"Europe","Serbia","Selangor",1589
"Europe","Slovak Republic","Johor",776
"Europe","Slovak Republic","Kedah",1650
"Europe","Slovak Republic","Kelantan",19
"Europe","Slovak Republic","Negeri Sembilan",1
"Europe","Slovak Republic","Pahang",1
"Europe","Slovak Republic","Perak",7
"Europe","Slovak Republic","Perlis",52
"Europe","Slovak Republic","Pulau Pinang",324
"Europe","Slovak Republic","Sabah",134
"Europe","Slovak Republic","Sarawak",66
"Europe","Slovak Republic","Selangor",6952
"Europe","Slovak Republic","W.P. Labuan",39
"Europe","Slovenia","Johor",382
"Europe","Slovenia","Kedah",317
"Europe","Slovenia","Kelantan",1
"Europe","Slovenia","Perak",2
"Europe","Slovenia","Perlis",22
"Europe","Slovenia","Pulau Pinang",80
"Europe","Slovenia","Sabah",51
"Europe","Slovenia","Sarawak",41
"Europe","Slovenia","Selangor",2651
"Europe","Slovenia","W.P. Labuan",8
"Europe","Spain","Johor",11160
"Europe","Spain","Kedah",3380
"Europe","Spain","Kelantan",121
"Europe","Spain","Melaka",13
"Europe","Spain","Negeri Sembilan",4
"Europe","Spain","Pahang",11
"Europe","Spain","Perak",120
"Europe","Spain","Perlis",443
"Europe","Spain","Pulau Pinang",2407
"Europe","Spain","Sabah",772
"Europe","Spain","Sarawak",1112
"Europe","Spain","Selangor",62488
"Europe","Spain","W.P. Labuan",58
"Europe","Sweden","Johor",5883
"Europe","Sweden","Kedah",4998
"Europe","Sweden","Kelantan",167
"Europe","Sweden","Melaka",4
"Europe","Sweden","Negeri Sembilan",2
"Europe","Sweden","Pahang",12
"Europe","Sweden","Perak",122
"Europe","Sweden","Perlis",360
"Europe","Sweden","Pulau Pinang",1671
"Europe","Sweden","Sabah",516
"Europe","Sweden","Sarawak",501
"Europe","Sweden","Selangor",26545
"Europe","Sweden","W.P. Labuan",25
"Europe","Switzerland","Johor",8561
"Europe","Switzerland","Kedah",3080
"Europe","Switzerland","Kelantan",75
"Europe","Switzerland","Melaka",15
"Europe","Switzerland","Negeri Sembilan",7
"Europe","Switzerland","Pahang",43
"Europe","Switzerland","Perak",134
"Europe","Switzerland","Perlis",624
"Europe","Switzerland","Pulau Pinang",2694
"Europe","Switzerland","Sabah",705
"Europe","Switzerland","Sarawak",779
"Europe","Switzerland","Selangor",28375
"Europe","Switzerland","W.P. Labuan",35
"Europe","Ukraine","Johor",2486
"Europe","Ukraine","Kedah",1578
"Europe","Ukraine","Kelantan",94
"Europe","Ukraine","Melaka",40
"Europe","Ukraine","Negeri Sembilan",1
"Europe","Ukraine","Pahang",45
"Europe","Ukraine","Perak",21
"Europe","Ukraine","Perlis",272
"Europe","Ukraine","Pulau Pinang",561
"Europe","Ukraine","Sabah",168
"Europe","Ukraine","Sarawak",128
"Europe","Ukraine","Selangor",22189
"Europe","Ukraine","W.P. Labuan",31
"Europe","United Kingdom","Johor",99014
"Europe","United Kingdom","Kedah",25971
"Europe","United Kingdom","Kelantan",380
"Europe","United Kingdom","Melaka",53
"Europe","United Kingdom","Negeri Sembilan",13
"Europe","United Kingdom","Pahang",331
"Europe","United Kingdom","Perak",2013
"Europe","United Kingdom","Perlis",3741
"Europe","United Kingdom","Pulau Pinang",30694
"Europe","United Kingdom","Sabah",9859
"Europe","United Kingdom","Sarawak",22880
"Europe","United Kingdom","Selangor",373983
"Europe","United Kingdom","Terengganu",10
"Europe","United Kingdom","W.P. Labuan",892
"North America","Anguilla","Selangor",2
"North America","Antigua and Barbuda","Johor",116
"North America","Antigua and Barbuda","Kedah",10
"North America","Antigua and Barbuda","Pulau Pinang",4
"North America","Antigua and Barbuda","Sabah",1
"North America","Antigua and Barbuda","Sarawak",2
"North America","Antigua and Barbuda","Selangor",334
"North America","Aruba","Kedah",1
"North America","Aruba","Pulau Pinang",1
"North America","Bahamas","Johor",26
"North America","Bahamas","Kedah",7
"North America","Bahamas","Perak",1
"North America","Bahamas","Sabah",2
"North America","Bahamas","Sarawak",1
"North America","Bahamas","Selangor",146
"North America","Barbados","Johor",26
"North America","Barbados","Kedah",1
"North America","Barbados","Perlis",1
"North America","Barbados","Pulau Pinang",3
"North America","Barbados","Selangor",135
"North America","Belize","Johor",55
"North America","Belize","Pulau Pinang",4
"North America","Belize","Sarawak",5
"North America","Belize","Selangor",154
"North America","Bermuda","Selangor",1
"North America","Canada","Johor",28863
"North America","Canada","Kedah",4017
"North America","Canada","Kelantan",112
"North America","Canada","Melaka",15
"North America","Canada","Negeri Sembilan",1
"North America","Canada","Pahang",44
"North America","Canada","Perak",710
"North America","Canada","Perlis",961
"North America","Canada","Pulau Pinang",9391
"North America","Canada","Sabah",2722
"North America","Canada","Sarawak",6324
"North America","Canada","Selangor",88276
"North America","Canada","Terengganu",5
"North America","Canada","W.P. Labuan",115
"North America","Costa Rica","Johor",243
"North America","Costa Rica","Kedah",19
"North America","Costa Rica","Perak",3
"North America","Costa Rica","Perlis",4
"North America","Costa Rica","Pulau Pinang",118
"North America","Costa Rica","Sabah",15
"North America","Costa Rica","Sarawak",8
"North America","Costa Rica","Selangor",1244
"North America","Cuba","Johor",104
"North America","Cuba","Kedah",7
"North America","Cuba","Perlis",1
"North America","Cuba","Pulau Pinang",9
"North America","Cuba","Sabah",3
"North America","Cuba","Sarawak",2
"North America","Cuba","Selangor",520
"North America","Dominica","Johor",134
"North America","Dominica","Kedah",3
"North America","Dominica","Pulau Pinang",16
"North America","Dominica","Sabah",7
"North America","Dominica","Sarawak",14
"North America","Dominica","Selangor",815
"North America","Dominica","W.P. Labuan",1
"North America","Dominican Republic","Johor",44
"North America","Dominican Republic","Kedah",3
"North America","Dominican Republic","Perak",1
"North America","Dominican Republic","Perlis",2
"North America","Dominican Republic","Pulau Pinang",20
"North America","Dominican Republic","Sabah",5
"North America","Dominican Republic","Sarawak",3
"North America","Dominican Republic","Selangor",508
"North America","El Salvador","Johor",39
"North America","El Salvador","Kedah",13
"North America","El Salvador","Perak",2
"North America","El Salvador","Perlis",2
"North America","El Salvador","Pulau Pinang",25
"North America","El Salvador","Sabah",8
"North America","El Salvador","Selangor",298
"North America","El Salvador","W.P. Labuan",1
"North America","Greenland","Johor",1
"North America","Greenland","Selangor",1
"North America","Grenada","Johor",156
"North America","Grenada","Kedah",13
"North America","Grenada","Pulau Pinang",14
"North America","Grenada","Sabah",7
"North America","Grenada","Sarawak",4
"North America","Grenada","Selangor",234
"North America","Guadeloupe","Selangor",1
"North America","Guatemala","Johor",53
"North America","Guatemala","Kedah",8
"North America","Guatemala","Pahang",1
"North America","Guatemala","Perak",2
"North America","Guatemala","Pulau Pinang",20
"North America","Guatemala","Sabah",2
"North America","Guatemala","Sarawak",1
"North America","Guatemala","Selangor",555
"North America","Guatemala","W.P. Labuan",1
"North America","Haiti","Johor",29
"North America","Haiti","Kedah",1
"North America","Haiti","Kelantan",1
"North America","Haiti","Perak",1
"North America","Haiti","Pulau Pinang",1
"North America","Haiti","Sabah",1
"North America","Haiti","Selangor",119
"North America","Honduras","Johor",99
"North America","Honduras","Kedah",10
"North America","Honduras","Perak",2
"North America","Honduras","Pulau Pinang",12
"North America","Honduras","Sabah",4
"North America","Honduras","Sarawak",3
"North America","Honduras","Selangor",340
"North America","Jamaica","Johor",59
"North America","Jamaica","Kedah",13
"North America","Jamaica","Perak",1
"North America","Jamaica","Pulau Pinang",28
"North America","Jamaica","Sabah",8
"North America","Jamaica","Sarawak",6
"North America","Jamaica","Selangor",397
"North America","Jamaica","W.P. Labuan",3
"North America","Mexico","Johor",3107
"North America","Mexico","Kedah",280
"North America","Mexico","Kelantan",6
"North America","Mexico","Pahang",4
"North America","Mexico","Perak",23
"North America","Mexico","Perlis",46
"North America","Mexico","Pulau Pinang",641
"North America","Mexico","Sabah",96
"North America","Mexico","Sarawak",104
"North America","Mexico","Selangor",12098
"North America","Mexico","W.P. Labuan",1
"North America","Nicaragua","Johor",32
"North America","Nicaragua","Kedah",8
"North America","Nicaragua","Pulau Pinang",6
"North America","Nicaragua","Sabah",2
"North America","Nicaragua","Selangor",131
"North America","Panama","Johor",116
"North America","Panama","Kedah",6
"North America","Panama","Perak",2
"North America","Panama","Perlis",2
"North America","Panama","Pulau Pinang",20
"North America","Panama","Sabah",10
"North America","Panama","Sarawak",3
"North America","Panama","Selangor",541
"North America","St. Kitts and Nevis","Johor",476
"North America","St. Kitts and Nevis","Kedah",27
"North America","St. Kitts and Nevis","Perak",1
"North America","St. Kitts and Nevis","Perlis",1
"North America","St. Kitts and Nevis","Pulau Pinang",54
"North America","St. Kitts and Nevis","Sabah",21
"North America","St. Kitts and Nevis","Selangor",1258
"North America","St. Kitts and Nevis","W.P. Labuan",1
"North America","St. Lucia","Johor",139
"North America","St. Lucia","Kedah",2
"North America","St. Lucia","Pulau Pinang",11
"North America","St. Lucia","Sarawak",21
"North America","St. Lucia","Selangor",187
"North America","St. Vincent and the Grenadines","Johor",7
"North America","St. Vincent and the Grenadines","Kedah",2
"North America","St. Vincent and the Grenadines","Pulau Pinang",1
"North America","St. Vincent and the Grenadines","Sarawak",4
"North America","St. Vincent and the Grenadines","Selangor",43
"North America","Trinidad and Tobago","Johor",132
"North America","Trinidad and Tobago","Kedah",10
"North America","Trinidad and Tobago","Pahang",2
"North America","Trinidad and Tobago","Pulau Pinang",22
"North America","Trinidad and Tobago","Sabah",6
"North America","Trinidad and Tobago","Sarawak",34
"North America","Trinidad and Tobago","Selangor",706
"North America","Turks and Caicos Isl.","Perlis",1
"North America","Turks and Caicos Isl.","Selangor",1
"North America","United States","Johor",88727
"North America","United States","Kedah",10845
"North America","United States","Kelantan",297
"North America","United States","Melaka",71
"North America","United States","Negeri Sembilan",6
"North America","United States","Pahang",196
"North America","United States","Perak",2685
"North America","United States","Perlis",2066
"North America","United States","Pulau Pinang",39444
"North America","United States","Sabah",6880
"North America","United States","Sarawak",6102
"North America","United States","Selangor",294107
"North America","United States","Terengganu",4
"North America","United States","W.P. Labuan",167
"Oceania","Australia","Johor",109526
"Oceania","Australia","Kedah",12763
"Oceania","Australia","Kelantan",187
"Oceania","Australia","Melaka",61
"Oceania","Australia","Negeri Sembilan",17
"Oceania","Australia","Pahang",356
"Oceania","Australia","Perak",4544
"Oceania","Australia","Perlis",1664
"Oceania","Australia","Pulau Pinang",39756
"Oceania","Australia","Sabah",8212
"Oceania","Australia","Sarawak",12267
"Oceania","Australia","Selangor",485930
"Oceania","Australia","Terengganu",8
"Oceania","Australia","W.P. Labuan",228
"Oceania","Cook Islands","Selangor",1
"Oceania","Fiji","Johor",1341
"Oceania","Fiji","Kedah",33
"Oceania","Fiji","Kelantan",1
"Oceania","Fiji","Perak",7
"Oceania","Fiji","Perlis",9
"Oceania","Fiji","Pulau Pinang",59
"Oceania","Fiji","Sabah",17
"Oceania","Fiji","Sarawak",33
"Oceania","Fiji","Selangor",2502
"Oceania","Kiribati","Johor",23
"Oceania","Kiribati","Sabah",1
"Oceania","Kiribati","Selangor",80
"Oceania","Marshall Islands","Johor",18
"Oceania","Marshall Islands","Kedah",1
"Oceania","Marshall Islands","Perak",2
"Oceania","Marshall Islands","Pulau Pinang",3
"Oceania","Marshall Islands","Sabah",1
"Oceania","Marshall Islands","Sarawak",1
"Oceania","Marshall Islands","Selangor",59
"Oceania","Micronesia","Johor",1
"Oceania","Micronesia","Pulau Pinang",1
"Oceania","Micronesia","Selangor",18
"Oceania","Nauru","Johor",50
"Oceania","Nauru","Pulau Pinang",1
"Oceania","Nauru","Selangor",39
"Oceania","New Caledonia","Selangor",1
"Oceania","New Zealand","Johor",16134
"Oceania","New Zealand","Kedah",1949
"Oceania","New Zealand","Kelantan",57
"Oceania","New Zealand","Melaka",16
"Oceania","New Zealand","Negeri Sembilan",5
"Oceania","New Zealand","Pahang",74
"Oceania","New Zealand","Perak",474
"Oceania","New Zealand","Perlis",378
"Oceania","New Zealand","Pulau Pinang",4467
"Oceania","New Zealand","Sabah",1159
"Oceania","New Zealand","Sarawak",2710
"Oceania","New Zealand","Selangor",58817
"Oceania","New Zealand","Terengganu",3
"Oceania","New Zealand","W.P. Labuan",53
"Oceania","Northern Mariana Islands","Selangor",3
"Oceania","Palau","Johor",16
"Oceania","Palau","Pulau Pinang",2
"Oceania","Palau","Selangor",21
"Oceania","Papua New Guinea","Johor",363
"Oceania","Papua New Guinea","Kedah",6
"Oceania","Papua New Guinea","Kelantan",1
"Oceania","Papua New Guinea","Perak",6
"Oceania","Papua New Guinea","Pulau Pinang",33
"Oceania","Papua New Guinea","Sabah",19
"Oceania","Papua New Guinea","Sarawak",96
"Oceania","Papua New Guinea","Selangor",1278
"Oceania","Samoa","Johor",15
"Oceania","Samoa","Sarawak",1
"Oceania","Samoa","Selangor",82
"Oceania","Solomon Islands","Johor",94
"Oceania","Solomon Islands","Perlis",1
"Oceania","Solomon Islands","Pulau Pinang",4
"Oceania","Solomon Islands","Sabah",8
"Oceania","Solomon Islands","Sarawak",77
"Oceania","Solomon Islands","Selangor",142
"Oceania","Solomon Islands","W.P. Labuan",1
"Oceania","Tokelau","Selangor",2
"Oceania","Tonga","Johor",11
"Oceania","Tonga","Pulau Pinang",37
"Oceania","Tonga","Sarawak",1
"Oceania","Tonga","Selangor",241
"Oceania","Tuvalu","Selangor",5
"Oceania","Vanuatu","Johor",746
"Oceania","Vanuatu","Kedah",9
"Oceania","Vanuatu","Pulau Pinang",80
"Oceania","Vanuatu","Sabah",19
"Oceania","Vanuatu","Sarawak",2
"Oceania","Vanuatu","Selangor",1294
"South America","Argentina","Johor",1662
"South America","Argentina","Kedah",1221
"South America","Argentina","Kelantan",25
"South America","Argentina","Melaka",4
"South America","Argentina","Perak",13
"South America","Argentina","Perlis",118
"South America","Argentina","Pulau Pinang",166
"South America","Argentina","Sabah",53
"South America","Argentina","Sarawak",45
"South America","Argentina","Selangor",8203
"South America","Argentina","W.P. Labuan",4
"South America","Bolivia","Johor",66
"South America","Bolivia","Kedah",9
"South America","Bolivia","Melaka",2
"South America","Bolivia","Perak",3
"South America","Bolivia","Perlis",1
"South America","Bolivia","Pulau Pinang",18
"South America","Bolivia","Sabah",4
"South America","Bolivia","Sarawak",27
"South America","Bolivia","Selangor",745
"South America","Brazil","Johor",5071
"South America","Brazil","Kedah",1292
"South America","Brazil","Kelantan",11
"South America","Brazil","Melaka",15
"South America","Brazil","Pahang",9
"South America","Brazil","Perak",68
"South America","Brazil","Perlis",152
"South America","Brazil","Pulau Pinang",490
"South America","Brazil","Sabah",183
"South America","Brazil","Sarawak",183
"South America","Brazil","Selangor",19081
"South America","Brazil","W.P. Labuan",6
"South America","Chile","Johor",678
"South America","Chile","Kedah",372
"South America","Chile","Kelantan",13
"South America","Chile","Melaka",2
"South America","Chile","Pahang",4
"South America","Chile","Perak",4
"South America","Chile","Perlis",99
"South America","Chile","Pulau Pinang",135
"South America","Chile","Sabah",49
"South America","Chile","Sarawak",23
"South America","Chile","Selangor",4737
"South America","Colombia","Johor",570
"South America","Colombia","Kedah",52
"South America","Colombia","Perak",7
"South America","Colombia","Perlis",1
"South America","Colombia","Pulau Pinang",77
"South America","Colombia","Sabah",25
"South America","Colombia","Sarawak",31
"South America","Colombia","Selangor",3872
"South America","Colombia","W.P. Labuan",1
"South America","Ecuador","Johor",243
"South America","Ecuador","Kedah",30
"South America","Ecuador","Perak",2
"South America","Ecuador","Perlis",4
"South America","Ecuador","Pulau Pinang",34
"South America","Ecuador","Sabah",10
"South America","Ecuador","Sarawak",18
"South America","Ecuador","Selangor",1370
"South America","Guyana","Johor",20
"South America","Guyana","Kedah",1
"South America","Guyana","Pulau Pinang",2
"South America","Guyana","Sarawak",1
"South America","Guyana","Selangor",113
"South America","Paraguay","Johor",79
"South America","Paraguay","Kedah",4
"South America","Paraguay","Perak",2
"South America","Paraguay","Perlis",1
"South America","Paraguay","Pulau Pinang",13
"South America","Paraguay","Sabah",7
"South America","Paraguay","Sarawak",1
"South America","Paraguay","Selangor",227
"South America","Peru","Johor",685
"South America","Peru","Kedah",115
"South America","Peru","Kelantan",3
"South America","Peru","Pahang",2
"South America","Peru","Perak",3
"South America","Peru","Perlis",21
"South America","Peru","Pulau Pinang",79
"South America","Peru","Sabah",28
"South America","Peru","Sarawak",17
"South America","Peru","Selangor",2727
"South America","Peru","W.P. Labuan",1
"South America","Suriname","Johor",96
"South America","Suriname","Kedah",2
"South America","Suriname","Kelantan",1
"South America","Suriname","Perak",2
"South America","Suriname","Perlis",6
"South America","Suriname","Pulau Pinang",10
"South America","Suriname","Sabah",2
"South America","Suriname","Sarawak",1
"South America","Suriname","Selangor",362
"South America","Uruguay","Johor",483
"South America","Uruguay","Kedah",26
"South America","Uruguay","Kelantan",30
"South America","Uruguay","Perak",2
"South America","Uruguay","Perlis",5
"South America","Uruguay","Pulau Pinang",17
"South America","Uruguay","Sabah",9
"South America","Uruguay","Sarawak",10
"South America","Uruguay","Selangor",1553
"South America","Uruguay","W.P. Labuan",4
"South America","Venezuela","Johor",289
"South America","Venezuela","Kedah",35
"South America","Venezuela","Kelantan",2
"South America","Venezuela","Melaka",1
"South America","Venezuela","Perak",1
"South America","Venezuela","Perlis",2
"South America","Venezuela","Pulau Pinang",34
"South America","Venezuela","Sabah",31
"South America","Venezuela","Sarawak",83
"South America","Venezuela","Selangor",1660
"South America","Venezuela","W.P. Labuan",2
